"","plant","genotype","Pistil","Lateral stamen","Lateral stamen_1","Ventral stamen","Ventral stamen_1","Dorsal","D1","D2","lateral","ventral","tube","exertion","erkogamy"
"1","25","Ax",5.679,5.475,5.599,5.358,5.357,5.099,2.621,2.055,5.537,5.3575,4.676,1.003,0.142
"2","25","Ax",5.59,5.654,5.62,5.427,5.425,5.145,2.666,2.04,5.637,5.426,4.706,0.884,-0.047
"3","25","Ax",5.606,5.551,5.624,5.445,5.408,5.115,2.626,1.935,5.5875,5.4265,4.561,1.045,0.0185
"4","25","Ax",5.488,5.451,5.385,5.339,5.256,5.003,2.46,2.098,5.418,5.2975,4.558,0.93,0.07
"5","25","Ax",5.51,5.469,5.474,5.362,5.303,5.002,2.402,2.068,5.4715,5.3325,4.47,1.04,0.0385
"6","25","Ax",5.149,5.116,5.031,4.911,4.914,4.641,2.08,2.29,5.0735,4.9125,4.37,0.779,0.0755
"7","25","Ax",5.541,5.407,5.446,4.98,5.293,5.292,2.588,2.369,5.4265,5.1365,4.957,0.584,0.1145
"8","25","Ax",5.655,5.511,5.524,5.35,5.388,5.145,2.807,1.993,5.5175,5.369,4.8,0.855,0.1375
"9","25","Ax",5.056,4.894,4.74,4.597,4.636,4.38,2.113,1.836,4.817,4.6165,3.949,1.107,0.239
"10","25","Ax",5.669,5.462,5.441,5.346,5.34,5.003,2.796,1.887,5.4515,5.343,4.683,0.986,0.2175
"11","25","Ax",5.881,5.628,5.595,5.391,5.436,5.114,2.565,2.115,5.6115,5.4135,4.68,1.201,0.2695
"12","25","Ax",5.576,5.497,5.481,5.413,5.369,5.101,2.807,1.893,5.489,5.391,4.7,0.876,0.087
"13","25","Ax",5.574,5.435,5.444,5.324,5.304,5.045,2.562,2.085,5.4395,5.314,4.647,0.927,0.1345
"14","25","Ax",5.478,5.397,5.406,5.302,5.252,4.912,2.424,2.159,5.4015,5.277,4.583,0.895,0.0765
"15","25","Ax",5.551,5.582,5.555,5.43,5.391,5.162,2.573,2.244,5.5685,5.4105,4.817,0.734,-0.0175
"16","25","Ex",5.411,5.332,5.304,5.127,5.138,4.984,2.421,1.754,5.318,5.1325,4.175,1.236,0.093
"17","25","Ex",5.292,5.315,5.351,5.176,5.155,4.961,2.471,1.97,5.333,5.1655,4.441,0.851,-0.041
"18","25","Ex",5.745,5.478,5.465,5.329,5.339,5.181,2.504,2.115,5.4715,5.334,4.619,1.126,0.2735
"19","25","Ex",5.734,5.701,5.774,5.59,5.527,5.35,2.393,2.273,5.7375,5.5585,4.666,1.068,-0.0035
"20","25","Ex",5.391,5.332,5.334,5.223,5.215,5.104,2.341,2.008,5.333,5.219,4.349,1.042,0.058
"21","25","Ex",5.418,5.423,5.516,5.26,5.239,5.182,2.453,2.135,5.4695,5.2495,4.588,0.83,-0.0515
"22","25","Ex",5.476,5.329,5.345,5.269,5.244,5.063,2.476,2.321,5.337,5.2565,4.797,0.679,0.139
"23","25","Ex",5.442,5.239,5.233,5.004,4.999,4.906,2.432,1.947,5.236,5.0015,4.379,1.063,0.206
"24","25","Ex",5.562,5.478,5.533,5.371,5.365,5.268,2.581,2.111,5.5055,5.368,4.692,0.87,0.0565
"25","25","Ex",5.547,5.458,5.452,5.231,5.21,5.122,2.382,2.033,5.455,5.2205,4.415,1.132,0.092
"26","25","Ex",5.556,5.477,5.497,5.26,5.228,5.172,2.378,2.057,5.487,5.244,4.435,1.121,0.069
"27","25","Ex",5.418,5.284,5.307,5.21,5.209,4.938,2.394,2.314,5.2955,5.2095,4.708,0.71,0.1225
"28","25","Ex",5.408,5.345,5.328,5.238,5.218,5.018,2.335,2.521,5.3365,5.228,4.856,0.552,0.0715
"29","25","Ex",5.275,5.188,5.192,5.099,5.043,4.952,2.33,1.984,5.19,5.071,4.314,0.961,0.085
"30","25","Ex",5.593,5.503,5.527,5.371,5.315,5.256,2.333,2.227,5.515,5.343,4.56,1.033,0.078
"31","25","Ex",5.791,5.816,5.76,5.656,5.622,5.526,2.497,2.192,5.788,5.639,4.689,1.102,0.003
"32","26","Ax",5.69,5.666,5.667,5.501,5.461,5.236,2.617,2.32,5.6665,5.481,4.937,0.753,0.0235
"33","26","Ax",5,5,5,4,4,4,2,2,5,4,4,1,0
"34","26","Ax",5.786,5.657,5.696,5.554,5.607,5.243,2.75,2.154,5.6765,5.5805,4.904,0.882,0.1095
"35","26","Ax",5.625,5.512,5.529,5.34,5.366,5.074,2.578,1.883,5.5205,5.353,4.461,1.164,0.1045
"36","26","Ax",5.806,5.66,5.653,5.512,5.449,5.229,2.573,2.13,5.6565,5.4805,4.703,1.103,0.1495
"37","26","Ax",5.433,5.362,5.418,5.208,5.227,4.847,2.352,2.118,5.39,5.2175,4.47,0.963,0.043
"38","26","Ax",5.644,5.641,5.668,5.404,5.446,5.091,2.667,1.883,5.6545,5.425,4.55,1.094,-0.0105
"39","26","Ax",5.229,5.114,5.134,5.045,5.004,4.801,2.377,1.796,5.124,5.0245,4.173,1.056,0.105
"40","26","Ax",4.95,4.993,4.95,4.842,4.778,4.501,2.163,1.992,4.9715,4.81,4.155,0.795,-0.0215
"41","26","Ax",5.793,5.531,5.508,5.365,5.388,5.224,2.641,2.157,5.5195,5.3765,4.798,0.995,0.2735
"42","26","Ax",5.278,5.142,5.181,5.031,5,4.915,2.357,1.949,5.1615,5.0155,4.306,0.972,0.1165
"43","26","Ax",4.295,4.162,4.132,4.094,4.089,3.798,1.801,1.632,4.147,4.0915,3.433,0.862,0.148
"44","26","Ax",5.594,5.539,5.473,5.381,5.28,5.056,2.616,1.949,5.506,5.3305,4.565,1.029,0.088
"45","26","Ax",5.517,5.222,5.194,5.071,5.014,4.946,2.288,2.242,5.208,5.0425,4.53,0.987,0.309
"46","26","Ax",5.351,5.257,5.258,5.087,5.121,4.816,2.437,1.936,5.2575,5.104,4.373,0.978,0.0935
"47","26","Ax",5.414,5.42,5.378,5.231,5.193,4.867,2.292,2.098,5.399,5.212,4.39,1.024,0.015
"48","26","Ax",5.238,5.349,5.273,5.151,5.076,4.99,2.313,2.033,5.311,5.1135,4.346,0.892,-0.073
"49","26","Ex",5.412,5.36,5.279,5.195,5.203,5.119,2.477,2.23,5.3195,5.199,4.707,0.705,0.0925
"50","26","Ex",5.398,5.262,5.279,5.14,5.125,5.053,2.276,2.182,5.2705,5.1325,4.458,0.94,0.1275
"51","26","Ex",5.491,5.373,5.369,5.216,5.257,5.121,2.452,2.179,5.371,5.2365,4.631,0.86,0.12
"52","26","Ex",5.627,5.648,5.617,5.531,5.433,5.301,2.345,2.324,5.6325,5.482,4.669,0.958,-0.0055
"53","26","Ex",5.915,5.73,5.787,5.65,5.633,5.496,2.487,2.345,5.7585,5.6415,4.832,1.083,0.1565
"54","26","Ex",5.618,5.369,5.396,5.274,5.293,5.206,2.51,2.016,5.3825,5.2835,4.526,1.092,0.2355
"55","26","Ex",5.519,5.364,5.432,5.257,5.265,5.107,2.429,2.179,5.398,5.261,4.608,0.911,0.121
"56","26","Ex",5.265,5.341,5.336,5.106,4.992,4.938,2.335,2.056,5.3385,5.049,4.391,0.874,-0.0735
"57","26","Ex",5.299,5.326,5.344,5.037,5.036,4.854,2.25,1.997,5.335,5.0365,4.247,1.052,-0.036
"58","26","Ex",5.581,5.47,5.506,5.373,5.305,5.175,2.568,1.959,5.488,5.339,4.527,1.054,0.093
"59","26","Ex",5.487,5.365,5.406,5.258,5.26,5.164,2.415,2.109,5.3855,5.259,4.524,0.963,0.1015
"60","26","Ex",5.111,5.059,5.069,4.876,4.837,4.728,2.123,1.67,5.064,4.8565,3.793,1.318,0.047
"61","26","Ex",4.365,3.975,3.883,3.586,3.565,3.523,1.421,1.702,3.929,3.5755,3.123,1.242,0.436
"62","26","Ex",5.516,5.66,5.664,5.498,5.402,5.435,2.553,2.047,5.662,5.45,4.6,0.916,-0.146
"63","26","Ex",5.174,5.12,5.128,5.003,5.025,4.999,2.232,2.25,5.124,5.014,4.482,0.692,0.05
"64","26","Ex",5.182,5.209,5.14,5.016,5.168,4.918,2.217,1.948,5.1745,5.092,4.165,1.017,0.0075
"65","26","Ex",5.393,5.319,5.379,5.155,5.167,5.138,2.386,2.2,5.349,5.161,4.586,0.807,0.044
"66","26","Ex",5.316,5.305,5.391,5.275,5.275,5.138,2.351,2.089,5.348,5.275,4.44,0.876,-0.032
"67","26","Ex",5.496,5.466,5.494,5.321,5.346,5.243,2.415,2.106,5.48,5.3335,4.521,0.975,0.016
"68","26","Ex",5.358,5.104,5.147,4.931,5.045,4.899,2.186,1.995,5.1255,4.988,4.181,1.177,0.2325
"69","26","Ex",5.31,5.208,5.287,5.118,5.145,4.977,2.317,1.891,5.2475,5.1315,4.208,1.102,0.0625
"70","27","Ax",5.555,5.236,5.186,5.068,5.087,5.003,2.291,2.112,5.211,5.0775,4.403,1.152,0.344
"71","27","Ax",5.218,5.15,5.094,4.967,4.969,4.78,2.26,2.076,5.122,4.968,4.336,0.882,0.096
"72","27","Ax",5.538,5.284,5.254,5.159,5.152,5.015,2.302,2.089,5.269,5.1555,4.391,1.147,0.269
"73","27","Ax",5.071,5.032,5.07,4.92,4.868,4.723,2.107,2.276,5.051,4.894,4.383,0.688,0.02
"74","27","Ax",5.25,5.15,5.181,5.104,5.066,4.82,2.269,2.177,5.1655,5.085,4.446,0.804,0.0845
"75","27","Ax",5.646,5.363,5.436,5.203,5.205,5.064,2.333,2.19,5.3995,5.204,4.523,1.123,0.2465
"76","27","Ax",5.594,5.38,5.341,5.179,5.151,4.933,2.252,2.214,5.3605,5.165,4.466,1.128,0.2335
"77","27","Ax",4.989,5.008,4.896,4.731,4.757,4.611,1.973,2.109,4.952,4.744,4.082,0.907,0.037
"78","27","Ax",5.235,5.099,5.125,5.023,4.97,4.769,2.227,2.183,5.112,4.9965,4.41,0.825,0.123
"79","27","Ax",4.667,4.818,4.742,4.507,4.514,4.302,1.781,2.354,4.78,4.5105,4.135,0.532,-0.113
"80","27","Ax",5.535,5.369,5.386,5.218,5.181,5.198,2.292,2.246,5.3775,5.1995,4.538,0.997,0.1575
"81","27","Ax",5.368,5.393,5.376,5.186,5.209,5.072,2.277,2.04,5.3845,5.1975,4.317,1.051,-0.0165
"82","27","Ax",5.51,5.404,5.376,5.264,5.274,5.092,2.324,2.305,5.39,5.269,4.629,0.881,0.12
"83","27","Ax",5.468,5.425,5.439,5.302,5.343,5.192,2.368,2.414,5.432,5.3225,4.782,0.686,0.036
"84","27","Ax",5.541,5.486,5.463,5.235,5.277,5.086,2.324,2.098,5.4745,5.256,4.422,1.119,0.0665
"85","27","Ax",5.594,5.42,5.41,5.201,5.187,5.021,2.322,2.206,5.415,5.194,4.528,1.066,0.179
"86","27","Ex",5.5,5.312,5.37,5.249,5.225,5.071,2.325,2.245,5.341,5.237,4.57,0.93,0.159
"87","27","Ex",5.346,5.279,5.289,5.012,5.055,4.912,2.346,1.967,5.284,5.0335,4.313,1.033,0.062
"88","27","Ex",5.554,5.492,5.473,5.338,5.348,5.244,2.452,2.16,5.4825,5.343,4.612,0.942,0.0715
"89","27","Ex",4.935,5.388,5.446,5.197,5.261,5.097,2.324,2.117,5.417,5.229,4.441,0.494,-0.482
"90","27","Ex",5.446,5.568,5.462,5.302,5.284,5.173,2.458,1.874,5.515,5.293,4.332,1.114,-0.069
"91","27","Ex",5.259,5.118,5.103,4.931,4.912,4.689,2.225,2.111,5.1105,4.9215,4.336,0.923,0.1485
"92","27","Ex",5.771,5.369,5.338,5.165,5.214,5.026,2.464,2.085,5.3535,5.1895,4.549,1.222,0.4175
"93","27","Ex",5.409,5.228,5.263,5.141,5.111,5.022,2.423,2.094,5.2455,5.126,4.517,0.892,0.1635
"94","27","Ex",5.276,5.039,5.045,4.967,4.839,4.776,2.378,1.893,5.042,4.903,4.271,1.005,0.234
"95","27","Ex",5.601,5.337,5.236,5.172,5.153,4.966,2.371,2,5.2865,5.1625,4.371,1.23,0.3145
"96","27","Ex",5.329,5.19,5.124,4.989,4.979,4.892,2.204,1.994,5.157,4.984,4.198,1.131,0.172
"97","27","Ex",5.45,5.453,5.495,5.268,5.247,5.171,2.313,2.161,5.474,5.2575,4.474,0.976,-0.024
"98","27","Ex",5.334,5.119,5.178,4.999,4.868,4.925,2.351,2.09,5.1485,4.9335,4.441,0.893,0.1855
"99","27","Ex",5.291,5.152,5.158,5.09,5.021,4.836,2.335,2.132,5.155,5.0555,4.467,0.824,0.136
"100","27","Ex",5.312,5.1,5.104,4.978,4.859,4.815,2.113,2.08,5.102,4.9185,4.193,1.119,0.21
"101","27","Ex",5.441,5.33,5.357,5.206,5.158,5.09,2.329,1.945,5.3435,5.182,4.274,1.167,0.0975
"102","27","Ex",5.254,5.096,5.129,4.901,4.875,4.736,2.196,1.952,5.1125,4.888,4.148,1.106,0.1415
"103","27","Ex",5.072,5.008,4.994,4.687,4.793,4.78,2.21,1.779,5.001,4.74,3.989,1.083,0.071
"104","28","Ax",4.663,4.339,4.315,4.287,4.255,3.994,1.924,1.8,4.327,4.271,3.724,0.939,0.336
"105","28","Ax",4.943,4.602,4.557,4.515,4.472,4.201,2.204,1.764,4.5795,4.4935,3.968,0.975,0.3635
"106","28","Ax",4.947,4.802,4.722,4.608,4.621,4.433,2.36,1.711,4.762,4.6145,4.071,0.876,0.185
"107","28","Ax",4.689,4.393,4.476,4.33,4.34,4.117,2.076,1.852,4.4345,4.335,3.928,0.761,0.2545
"108","28","Ax",4.662,4.5,4.48,4.31,4.389,4.116,1.97,1.579,4.49,4.3495,3.549,1.113,0.172
"109","28","Ax",5.173,4.733,4.661,4.58,4.499,4.345,2.096,1.685,4.697,4.5395,3.781,1.392,0.476
"110","28","Ax",4.644,4.605,4.621,4.452,4.516,4.369,2.26,1.752,4.613,4.484,4.012,0.632,0.031
"111","28","Ax",4.763,4.456,4.479,4.487,4.474,4.087,2.147,1.86,4.4675,4.4805,4.007,0.756,0.2955
"112","28","Ax",5.558,5.486,5.45,5.322,5.311,5.025,2.716,2.004,5.468,5.3165,4.72,0.838,0.09
"113","28","Ax",4.843,4.692,4.667,4.668,4.607,4.295,2.301,1.81,4.6795,4.6375,4.111,0.732,0.1635
"114","28","Ax",4.749,4.581,4.615,4.495,4.431,4.194,2.139,2.019,4.598,4.463,4.158,0.591,0.151
"115","28","Ax",4.727,4.534,4.543,4.452,4.388,4.274,2.121,1.802,4.5385,4.42,3.923,0.804,0.1885
"116","28","Ax",4.543,4.501,4.541,4.278,4.459,4.169,2.029,1.86,4.521,4.3685,3.889,0.654,0.022
"117","28","Ax",4.924,4.644,4.652,4.529,4.562,4.317,2.196,1.817,4.648,4.5455,4.013,0.911,0.276
"118","28","Ax",4.721,4.564,4.557,4.46,4.49,4.227,2.041,1.719,4.5605,4.475,3.76,0.961,0.1605
"119","28","Ax",4.801,4.68,4.681,4.518,4.571,4.347,2.234,1.685,4.6805,4.5445,3.919,0.882,0.1205
"120","28","Ax",4.725,4.415,4.51,4.294,4.363,4.098,1.959,1.776,4.4625,4.3285,3.735,0.99,0.2625
"121","28","Ax",4.624,4.194,4.274,4.062,4.036,3.84,1.869,1.651,4.234,4.049,3.52,1.104,0.39
"122","28","Ex",5.848,5.7,5.697,5.566,5.558,5.368,2.752,2.147,5.6985,5.562,4.899,0.949,0.1495
"123","28","Ex",5.642,5.428,5.439,5.243,5.331,4.992,2.666,2.043,5.4335,5.287,4.709,0.933,0.2085
"124","28","Ex",5.266,5.093,5.116,4.956,4.949,4.894,2.372,2.001,5.1045,4.9525,4.373,0.893,0.1615
"125","28","Ex",5.387,5.289,5.274,5.102,5.162,4.871,2.457,2.057,5.2815,5.132,4.514,0.873,0.1055
"126","28","Ex",5.519,5.375,5.366,5.184,5.153,5.085,2.331,2.103,5.3705,5.1685,4.434,1.085,0.1485
"127","28","Ex",5.149,5.112,5.088,4.944,4.933,4.808,2.313,2.027,5.1,4.9385,4.34,0.809,0.049
"128","28","Ex",5.219,5.219,5.287,5.072,5.023,4.849,2.505,2.011,5.253,5.0475,4.516,0.703,-0.034
"129","28","Ex",5.554,5.471,5.437,5.325,5.31,4.983,2.603,2.084,5.454,5.3175,4.687,0.867,0.1
"130","28","Ex",5.406,5.434,5.428,5.259,5.217,4.984,2.638,2.009,5.431,5.238,4.647,0.759,-0.025
"131","28","Ex",5.594,5.553,5.555,5.36,5.329,5.074,2.573,1.858,5.554,5.3445,4.431,1.163,0.04
"132","28","Ex",5.81,5.488,5.468,5.335,5.275,5.096,2.68,1.92,5.478,5.305,4.6,1.21,0.332
"133","28","Ex",5.62,5.388,5.411,5.282,5.228,5.016,2.646,1.945,5.3995,5.255,4.591,1.029,0.2205
"134","28","Ex",5.522,5.522,5.56,5.406,5.366,5.147,2.712,1.855,5.541,5.386,4.567,0.955,-0.019
"135","28","Ex",5.518,5.551,5.593,5.363,5.341,5.034,2.684,1.997,5.572,5.352,4.681,0.837,-0.054
"136","28","Ex",5.317,5.492,5.506,5.278,5.264,5.056,2.505,1.959,5.499,5.271,4.464,0.853,-0.182
"137","29","Ax",5.182,5.072,5.048,4.886,4.892,4.732,2.296,1.96,5.06,4.889,4.256,0.926,0.122
"138","29","Ax",5.146,5.01,4.982,4.863,4.854,4.691,2.322,1.851,4.996,4.8585,4.173,0.973,0.15
"139","29","Ax",5.115,5.078,5.191,4.965,4.918,4.767,2.216,1.894,5.1345,4.9415,4.11,1.005,-0.0195
"140","29","Ax",4.859,4.851,4.817,4.696,4.721,4.526,2.111,1.892,4.834,4.7085,4.003,0.856,0.025
"141","29","Ax",5.1,5.135,4.974,4.95,4.954,4.637,2.242,1.909,5.0545,4.952,4.151,0.949,0.0455
"142","29","Ax",5.081,5.111,5.052,4.949,4.959,4.674,2.143,2.135,5.0815,4.954,4.278,0.803,-5e-04
"143","29","Ax",4.852,4.77,4.731,4.609,4.649,4.507,2.22,1.873,4.7505,4.629,4.093,0.759,0.1015
"144","29","Ax",5.092,5.031,5.062,4.917,4.926,4.795,2.367,1.922,5.0465,4.9215,4.289,0.803,0.0455
"145","29","Ax",5.082,4.966,5.028,4.856,4.854,4.668,2.241,1.853,4.997,4.855,4.094,0.988,0.085
"146","29","Ax",4.946,4.873,4.793,4.723,4.626,4.588,2.228,1.872,4.833,4.6745,4.1,0.846,0.113
"147","29","Ax",4.906,4.868,4.817,4.726,4.686,4.489,2.218,1.842,4.8425,4.706,4.06,0.846,0.0635
"148","29","Ax",4.01,4.686,4.711,4.645,4.589,4.409,2.227,1.626,4.6985,4.617,3.853,0.157,-0.6885
"149","29","Ax",5.007,4.913,4.934,4.84,4.837,4.629,2.352,1.942,4.9235,4.8385,4.294,0.713,0.0835
"150","29","Ax",5.049,4.956,5.005,4.914,4.825,4.67,2.145,2.064,4.9805,4.8695,4.209,0.84,0.0685
"151","29","Ax",5.054,4.882,4.928,4.82,4.851,4.686,2.091,2.074,4.905,4.8355,4.165,0.889,0.149
"152","29","Ax",5.034,5.039,5.017,4.867,4.876,4.661,2.194,1.816,5.028,4.8715,4.01,1.024,0.006
"153","29","Ax",4.91,5.006,4.979,4.781,4.805,4.609,2.147,1.913,4.9925,4.793,4.06,0.85,-0.0825
"154","29","Ex",5.406,5.264,5.256,5.111,5.105,4.911,2.51,2.237,5.26,5.108,4.747,0.659,0.146
"155","29","Ex",5.31,5.252,5.221,5.142,5.185,4.921,2.466,1.895,5.2365,5.1635,4.361,0.949,0.0735
"156","29","Ex",5.723,5.502,5.448,5.263,5.298,5.165,2.573,1.963,5.475,5.2805,4.536,1.187,0.248
"157","29","Ex",5.53,5.329,5.411,5.252,5.197,5.163,2.342,2.091,5.37,5.2245,4.433,1.097,0.16
"158","29","Ex",5.413,5.189,5.254,5.079,5.081,4.904,2.305,2.096,5.2215,5.08,4.401,1.012,0.1915
"159","29","Ex",5.488,5.313,5.339,5.167,5.169,5.02,2.504,1.921,5.326,5.168,4.425,1.063,0.162
"160","29","Ex",5.468,5.505,5.528,5.449,5.469,5.298,2.536,2.066,5.5165,5.459,4.602,0.866,-0.0485
"161","29","Ex",5.423,5.385,5.405,5.287,5.244,5.138,2.404,2.373,5.395,5.2655,4.777,0.646,0.028
"162","29","Ex",5.362,5.273,5.25,5.142,5.143,5.064,2.481,1.848,5.2615,5.1425,4.329,1.033,0.1005
"163","29","Ex",5.567,5.412,5.46,5.315,5.334,5.193,2.446,2.196,5.436,5.3245,4.642,0.925,0.131
"164","29","Ex",5.226,5.254,5.205,5.103,5.076,4.935,2.28,1.934,5.2295,5.0895,4.214,1.012,-0.0035
"165","29","Ex",5.316,5.301,5.278,5.166,5.138,5.037,2.352,2.319,5.2895,5.152,4.671,0.645,0.0265
"166","29","Ex",5.443,5.264,5.401,5.167,5.173,5.06,2.439,2.231,5.3325,5.17,4.67,0.773,0.1105
"167","29","Ex",5.706,5.594,5.549,5.459,5.47,5.317,2.645,2.013,5.5715,5.4645,4.658,1.048,0.1345
"168","29","Ex",5.557,5.411,5.404,5.273,5.265,5.119,2.485,2.151,5.4075,5.269,4.636,0.921,0.1495
"169","29","Ex",5.585,5.532,5.525,5.428,5.398,5.284,2.522,2.125,5.5285,5.413,4.647,0.938,0.0565
"170","30","Ax",5.202,4.888,4.866,4.757,4.779,4.531,2.272,1.895,4.877,4.768,4.167,1.035,0.325
"171","30","Ax",4.8,4.934,4.881,4.751,4.712,4.535,2.3,1.835,4.9075,4.7315,4.135,0.665,-0.1075
"172","30","Ax",5.038,4.893,4.918,4.759,4.787,4.645,2.295,1.829,4.9055,4.773,4.124,0.914,0.1325
"173","30","Ax",4.968,4.857,4.812,4.714,4.665,4.415,2.192,1.81,4.8345,4.6895,4.002,0.966,0.1335
"174","30","Ax",4.945,4.863,4.92,4.716,4.822,4.51,2.332,1.613,4.8915,4.769,3.945,1,0.0535
"175","30","Ax",4.791,4.72,4.672,4.546,4.526,4.317,2.093,1.646,4.696,4.536,3.739,1.052,0.095
"176","30","Ax",4.748,4.534,4.456,4.649,4.419,4.219,2.028,1.797,4.495,4.534,3.825,0.923,0.253
"177","30","Ax",4.261,4.028,3.986,4.004,3.77,3.596,1.599,1.645,4.007,3.887,3.244,1.017,0.254
"178","30","Ax",4.447,4.143,4.167,3.999,4.016,3.92,1.766,1.624,4.155,4.0075,3.39,1.057,0.292
"179","30","Ax",3.474,3.321,3.358,3.195,3.064,3.033,1.275,1.326,3.3395,3.1295,2.601,0.873,0.1345
"180","30","Ax",4.925,4.691,4.705,4.662,4.627,4.449,2.26,1.631,4.698,4.6445,3.891,1.034,0.227
"181","30","Ax",4.694,4.61,4.656,4.481,4.538,4.25,2.216,1.834,4.633,4.5095,4.05,0.644,0.061
"182","30","Ax",4.455,4.419,4.422,4.331,4.282,4.102,2.092,1.66,4.4205,4.3065,3.752,0.703,0.0345
"183","30","Ax",4.763,4.616,4.728,4.559,4.537,4.262,2.071,1.692,4.672,4.548,3.763,1,0.091
"184","30","Ax",4.72,4.644,4.555,4.354,4.475,4.123,2.07,1.759,4.5995,4.4145,3.829,0.891,0.1205
"185","30","Ex",5.512,5.296,5.274,5.156,5.121,4.96,2.349,2.043,5.285,5.1385,4.392,1.12,0.227
"186","30","Ex",5.265,5.105,5.08,4.909,4.949,4.816,2.221,2.018,5.0925,4.929,4.239,1.026,0.1725
"187","30","Ex",5.285,5.171,5.139,4.993,5.025,4.828,2.068,2.228,5.155,5.009,4.296,0.989,0.13
"188","30","Ex",5.569,5.446,5.501,5.336,5.375,5.058,2.353,2.133,5.4735,5.3555,4.486,1.083,0.0955
"189","30","Ex",5.233,5.177,5.21,5.038,5.05,4.87,2.253,1.986,5.1935,5.044,4.239,0.994,0.0395
"190","30","Ex",5.347,5.226,5.246,5.046,4.998,4.919,2.147,2.141,5.236,5.022,4.288,1.059,0.111
"191","30","Ex",5.537,5.383,5.437,5.283,5.278,5.145,2.465,2.222,5.41,5.2805,4.687,0.85,0.127
"192","30","Ex",5.038,4.942,5.005,4.697,4.718,4.632,1.983,2.339,4.9735,4.7075,4.322,0.716,0.0645
"193","30","Ex",5.311,5.209,5.14,5.129,5.111,4.824,2.326,2.019,5.1745,5.12,4.345,0.966,0.1365
"194","30","Ex",5.332,5.186,5.204,4.975,5.073,4.866,2.182,2.333,5.195,5.024,4.515,0.817,0.137
"195","30","Ex",4.994,5.108,5.07,4.836,4.853,4.737,2.207,1.917,5.089,4.8445,4.124,0.87,-0.095
"196","30","Ex",5.589,5.324,5.287,5.112,5.232,5.058,2.34,2.189,5.3055,5.172,4.529,1.06,0.2835
"197","30","Ex",5.304,5.208,5.276,5.031,5.016,4.712,2.207,2.14,5.242,5.0235,4.347,0.957,0.062
"198","30","Ex",5.528,5.365,5.313,5.24,5.204,5.009,2.278,2.24,5.339,5.222,4.518,1.01,0.189
"199","30","Ex",5.522,5.37,5.423,5.167,5.191,5.069,2.388,2.141,5.3965,5.179,4.529,0.993,0.1255
"200","30","Ex",5.289,5.32,5.309,5.178,5.17,4.928,2.233,2.21,5.3145,5.174,4.443,0.846,-0.0255
"201","31","Ax",5.155,4.959,4.886,4.837,4.825,4.651,2.364,1.919,4.9225,4.831,4.283,0.872,0.2325
"202","31","Ax",5.069,4.789,4.807,4.656,4.685,4.542,2.153,2.082,4.798,4.6705,4.235,0.834,0.271
"203","31","Ax",5.044,4.731,4.74,4.583,4.602,4.428,2.22,1.863,4.7355,4.5925,4.083,0.961,0.3085
"204","31","Ax",5.093,4.962,4.94,4.884,4.806,4.664,2.268,1.892,4.951,4.845,4.16,0.933,0.142
"205","31","Ax",5.096,4.947,4.971,4.894,4.808,4.659,2.266,1.888,4.959,4.851,4.154,0.942,0.137
"206","31","Ax",5.188,4.899,4.898,4.817,4.788,4.631,2.309,1.888,4.8985,4.8025,4.197,0.991,0.2895
"207","31","Ax",4.802,4.68,4.632,4.519,4.558,4.32,2.148,1.684,4.656,4.5385,3.832,0.97,0.146
"208","31","Ax",4.75,4.49,4.529,4.463,4.358,4.194,2.154,1.721,4.5095,4.4105,3.875,0.875,0.2405
"209","31","Ax",4.943,4.514,4.48,4.344,4.315,4.151,2.009,1.591,4.497,4.3295,3.6,1.343,0.446
"210","31","Ax",5.092,4.536,4.531,4.335,4.403,4.131,2.071,1.684,4.5335,4.369,3.755,1.337,0.5585
"211","31","Ax",5.437,4.988,4.959,4.883,4.87,4.577,2.379,1.737,4.9735,4.8765,4.116,1.321,0.4635
"212","31","Ax",5.487,4.993,5.023,4.921,4.902,4.669,2.436,1.867,5.008,4.9115,4.303,1.184,0.479
"213","31","Ax",5.542,5.072,5.14,4.946,4.965,4.71,2.338,2.032,5.106,4.9555,4.37,1.172,0.436
"214","31","Ax",4.899,4.548,4.62,4.494,4.467,4.39,2.13,1.734,4.584,4.4805,3.864,1.035,0.315
"215","31","Ax",5.223,4.844,4.911,4.737,4.747,4.558,2.128,1.804,4.8775,4.742,3.932,1.291,0.3455
"216","31","Ax",5.054,4.834,4.821,4.695,4.675,4.446,2.206,1.71,4.8275,4.685,3.916,1.138,0.2265
"217","31","Ax",5.379,4.84,4.842,4.721,4.651,4.421,2.294,1.707,4.841,4.686,4.001,1.378,0.538
"218","31","Ax",5.521,4.862,4.842,4.695,4.752,4.491,2.211,1.927,4.852,4.7235,4.138,1.383,0.669
"219","31","Ax",5.117,4.572,4.614,4.45,4.419,4.191,2.078,1.692,4.593,4.4345,3.77,1.347,0.524
"220","31","Ax",3.886,3.606,3.628,3.482,3.53,3.295,1.465,1.576,3.617,3.506,3.041,0.845,0.269
"221","31","Ax",5.463,4.947,4.922,4.792,4.843,4.62,2.143,1.798,4.9345,4.8175,3.941,1.522,0.5285
"222","31","Ax",5.243,4.804,4.743,4.624,4.623,4.389,2.255,1.671,4.7735,4.6235,3.926,1.317,0.4695
"223","31","Ax",4.819,4.49,4.473,4.405,4.24,4.086,1.968,1.755,4.4815,4.3225,3.723,1.096,0.3375
"224","31","Ax",4.896,4.482,4.587,4.38,4.375,4.246,1.946,1.857,4.5345,4.3775,3.803,1.093,0.3615
"225","31","Ax",5.196,4.77,4.75,4.622,4.624,4.362,2.133,1.854,4.76,4.623,3.987,1.209,0.436
"226","31","Ax",5.312,5.134,5.221,5.08,5.032,5.013,2.319,1.926,5.1775,5.056,4.245,1.067,0.1345
"227","31","Ax",4.367,3.939,3.938,3.741,3.748,3.697,1.497,1.688,3.9385,3.7445,3.185,1.182,0.4285
"228","31","Ax",5.196,5.202,5.073,4.955,5.006,4.743,2.213,2.227,5.1375,4.9805,4.44,0.756,0.0585
"229","31","Ex",5.749,5.46,5.47,5.384,5.339,5.138,2.365,2.337,5.465,5.3615,4.702,1.047,0.284
"230","31","Ex",5.654,5.431,5.411,5.267,5.303,5.17,2.342,2.32,5.421,5.285,4.662,0.992,0.233
"231","31","Ex",5.549,5.524,5.589,5.425,5.408,5.249,2.473,2.054,5.5565,5.4165,4.527,1.022,-0.0075
"232","31","Ex",5.441,5.471,5.498,5.319,5.307,5.214,2.339,2.19,5.4845,5.313,4.529,0.912,-0.0435
"233","31","Ex",5.193,5.133,5.108,4.979,4.977,4.742,2.137,2.145,5.1205,4.978,4.282,0.911,0.0725
"234","31","Ex",5.361,5.273,5.312,5.121,5.145,5.007,2.245,2.13,5.2925,5.133,4.375,0.986,0.0685
"235","31","Ex",5.844,5.776,5.88,5.551,5.544,5.458,2.624,1.938,5.828,5.5475,4.562,1.282,0.016
"236","31","Ex",5.255,5.346,5.244,5.118,5.095,5.044,2.325,2.116,5.295,5.1065,4.441,0.814,-0.04
"237","31","Ex",5.641,5.51,5.473,5.366,5.363,5.231,2.428,2.133,5.4915,5.3645,4.561,1.08,0.1495
"238","31","Ex",5.515,5.386,5.389,5.3,5.248,5.188,2.422,2.055,5.3875,5.274,4.477,1.038,0.1275
"239","31","Ex",5.661,5.496,5.455,5.37,5.296,5.177,2.48,2.209,5.4755,5.333,4.689,0.972,0.1855
"240","31","Ex",5.231,5.215,5.214,5.113,5.075,4.929,2.248,2.178,5.2145,5.094,4.426,0.805,0.0165
"241","31","Ex",5.456,5.356,5.301,5.172,5.203,5.079,2.31,2.107,5.3285,5.1875,4.417,1.039,0.1275
"242","31","Ex",5.553,5.47,5.517,5.323,5.311,5.191,2.376,2.223,5.4935,5.317,4.599,0.954,0.0595
"243","31","Ex",5.76,5.399,5.418,5.294,5.265,5.243,2.508,2.243,5.4085,5.2795,4.751,1.009,0.3515
"244","31","Ex",5.449,5.417,5.514,5.329,5.277,5.232,2.393,2.048,5.4655,5.303,4.441,1.008,-0.0165
"245","31","Ex",4.905,4.816,4.788,4.687,4.659,4.544,2.118,1.823,4.802,4.673,3.941,0.964,0.103
"246","31","Ex",5.092,5.058,4.954,4.858,4.915,4.776,2.14,2.066,5.006,4.8865,4.206,0.886,0.086
"247","31","Ex",5.524,5.43,5.389,5.253,5.237,5.184,2.494,2.046,5.4095,5.245,4.54,0.984,0.1145
"248","31","Ex",5.964,5.644,5.676,5.544,5.529,5.289,2.579,2.004,5.66,5.5365,4.583,1.381,0.304
"249","31","Ex",5.701,5.573,5.563,5.396,5.358,5.303,2.401,2.168,5.568,5.377,4.569,1.132,0.133
"250","31","Ex",5.841,5.493,5.54,5.336,5.325,5.319,2.452,2.158,5.5165,5.3305,4.61,1.231,0.3245
"251","31","Ex",5.464,5.422,5.472,5.316,5.279,5.161,2.382,1.957,5.447,5.2975,4.339,1.125,0.017
"252","31","Ex",5.357,5.44,5.404,5.295,5.121,5.261,2.324,2.052,5.422,5.208,4.376,0.981,-0.065
"253","31","Ex",5.257,5.217,5.215,5.071,5.092,4.9,2.285,2.066,5.216,5.0815,4.351,0.906,0.041
"254","32","Ax",5.055,4.996,5.065,4.88,4.942,4.768,2.473,1.783,5.0305,4.911,4.256,0.799,0.0245
"255","32","Ax",4.907,4.921,4.83,4.782,4.69,4.47,2.39,1.815,4.8755,4.736,4.205,0.702,0.0315
"256","32","Ax",4.926,4.921,4.942,4.899,4.709,4.604,2.389,1.936,4.9315,4.804,4.325,0.601,-0.0055
"257","32","Ax",4.789,4.666,4.7,4.594,4.604,4.429,2.29,1.88,4.683,4.599,4.17,0.619,0.106
"258","32","Ax",4.864,4.747,4.754,4.594,4.563,4.34,2.175,1.889,4.7505,4.5785,4.064,0.8,0.1135
"259","32","Ax",4.712,4.618,4.645,4.503,4.491,4.264,2.115,1.877,4.6315,4.497,3.992,0.72,0.0805
"260","32","Ax",5.634,5.281,5.344,5.212,5.185,4.914,2.661,2.03,5.3125,5.1985,4.691,0.943,0.3215
"261","32","Ax",5.001,4.9,4.866,4.832,4.713,4.494,2.395,1.809,4.883,4.7725,4.204,0.797,0.118
"262","32","Ax",5.425,5.081,5.103,4.956,4.942,4.845,2.401,1.956,5.092,4.949,4.357,1.068,0.333
"263","32","Ax",4.828,4.7,4.671,4.564,4.551,4.305,2.245,1.711,4.6855,4.5575,3.956,0.872,0.1425
"264","32","Ax",5.103,4.97,5.007,4.911,4.93,4.574,2.395,1.762,4.9885,4.9205,4.157,0.946,0.1145
"265","32","Ax",4.861,4.596,4.529,4.383,4.353,4.124,2.137,1.687,4.5625,4.368,3.824,1.037,0.2985
"266","32","Ax",4.789,4.334,4.334,4.276,4.245,4.007,1.978,1.766,4.334,4.2605,3.744,1.045,0.455
"267","32","Ax",4.138,3.905,3.758,3.795,3.562,3.386,1.563,1.409,3.8315,3.6785,2.972,1.166,0.3065
"268","32","Ax",4.351,4.195,4.068,3.888,3.925,3.563,1.536,1.484,4.1315,3.9065,3.02,1.331,0.2195
"269","32","Ax",4.727,4.343,4.336,4.142,4.116,3.967,1.778,1.636,4.3395,4.129,3.414,1.313,0.3875
"270","32","Ax",4.296,4.424,4.319,4.29,4.278,4.074,1.939,1.857,4.3715,4.284,3.796,0.5,-0.0755
"271","32","Ax",4.744,4.528,4.403,4.337,4.353,4.103,2.061,1.858,4.4655,4.345,3.919,0.825,0.2785
"272","32","Ax",4.503,4.387,4.351,4.282,4.31,4.118,1.914,1.759,4.369,4.296,3.673,0.83,0.134
"273","32","Ax",4.919,4.754,4.75,4.665,4.633,4.385,2.2,1.811,4.752,4.649,4.011,0.908,0.167
"274","32","Ax",4.567,4.472,4.478,4.403,4.416,4.107,1.937,1.949,4.475,4.4095,3.886,0.681,0.092
"275","32","Ax",4.893,4.663,4.705,4.579,4.582,4.285,2.018,1.824,4.684,4.5805,3.842,1.051,0.209
"276","32","Ax",4.436,4.3,4.387,4.099,4.194,4.106,1.672,1.891,4.3435,4.1465,3.563,0.873,0.0925
"277","32","Ex",5.264,5.078,5.227,5.09,5.054,4.942,2.389,2.117,5.1525,5.072,4.506,0.758,0.1115
"278","32","Ex",5.26,5.288,5.313,5.148,5.127,4.89,2.303,2.27,5.3005,5.1375,4.573,0.687,-0.0405
"279","32","Ex",4.955,5.011,5.069,4.913,4.862,4.727,2.258,1.962,5.04,4.8875,4.22,0.735,-0.085
"280","32","Ex",5.252,5.463,5.481,5.212,5.161,4.986,2.3,2.349,5.472,5.1865,4.649,0.603,-0.22
"281","32","Ex",5.192,5.288,5.226,5.064,5.067,4.944,2.162,2.049,5.257,5.0655,4.211,0.981,-0.065
"282","32","Ex",5.417,5.459,5.423,5.311,5.276,5.084,2.523,2.172,5.441,5.2935,4.695,0.722,-0.024
"283","32","Ex",5.475,5.356,5.331,5.246,5.255,5.057,2.394,2.051,5.3435,5.2505,4.445,1.03,0.1315
"284","32","Ex",5.264,5.191,5.187,5.042,5.056,4.916,2.3,2.115,5.189,5.049,4.415,0.849,0.075
"285","32","Ex",5.49,5.371,5.35,5.193,5.162,4.98,2.352,2.021,5.3605,5.1775,4.373,1.117,0.1295
"286","32","Ex",5.196,5.25,5.284,4.934,5.023,4.995,2.167,2.014,5.267,4.9785,4.181,1.015,-0.071
"287","32","Ex",5.019,5.119,5.18,4.892,4.877,4.754,2.013,2.001,5.1495,4.8845,4.014,1.005,-0.1305
"288","32","Ex",4.924,4.816,5.01,4.777,4.711,4.632,2.223,1.874,4.913,4.744,4.097,0.827,0.011
"289","32","Ex",5.499,5.251,5.327,5.181,5.18,5.057,2.476,2.205,5.289,5.1805,4.681,0.818,0.21
"290","32","Ex",5.16,5.175,5.109,5.031,5.044,4.917,2.399,2.001,5.142,5.0375,4.4,0.76,0.018
"291","32","Ex",5.574,5.495,5.512,5.216,5.283,5.075,2.604,1.908,5.5035,5.2495,4.512,1.062,0.0705
"292","32","Ex",5.658,5.466,5.449,5.307,5.213,5.091,2.47,1.998,5.4575,5.26,4.468,1.19,0.2005
"293","32","Ex",5.414,5.435,5.314,5.195,5.166,5.001,2.343,2.163,5.3745,5.1805,4.506,0.908,0.0395
"294","32","Ex",5.623,5.554,5.499,5.37,5.345,5.168,2.347,2.213,5.5265,5.3575,4.56,1.063,0.0965
"295","33","Ax",4.94,4.785,4.78,4.629,4.656,4.393,2.272,1.774,4.7825,4.6425,4.046,0.894,0.1575
"296","33","Ax",4.817,4.669,4.557,4.491,4.502,4.223,2.193,1.72,4.613,4.4965,3.913,0.904,0.204
"297","33","Ax",4.788,4.626,4.612,4.523,4.54,4.296,2.091,1.889,4.619,4.5315,3.98,0.808,0.169
"298","33","Ax",5.003,4.786,4.853,4.704,4.663,4.309,2.162,1.736,4.8195,4.6835,3.898,1.105,0.1835
"299","33","Ax",4.944,4.782,4.771,4.609,4.592,4.298,2.065,1.813,4.7765,4.6005,3.878,1.066,0.1675
"300","33","Ax",4.514,4.241,4.252,4.145,4.173,3.879,1.901,1.806,4.2465,4.159,3.707,0.807,0.2675
"301","33","Ax",4.643,4.276,4.398,4.136,4.173,3.886,1.889,1.669,4.337,4.1545,3.558,1.085,0.306
"302","33","Ax",4.814,4.087,4.047,3.956,3.953,3.781,1.789,1.536,4.067,3.9545,3.325,1.489,0.747
"303","33","Ax",5.018,4.282,4.349,4.21,4.137,3.968,1.869,1.766,4.3155,4.1735,3.635,1.383,0.7025
"304","33","Ax",4.417,4.402,4.404,4.235,4.193,4.005,1.89,1.556,4.403,4.214,3.446,0.971,0.014
"305","33","Ax",4.542,4.126,4.07,3.974,3.879,3.565,1.681,1.587,4.098,3.9265,3.268,1.274,0.444
"306","33","Ax",5.087,4.897,4.937,4.861,4.809,4.603,2.411,1.762,4.917,4.835,4.173,0.914,0.17
"307","33","Ax",5.159,5.016,4.983,4.886,4.934,4.745,2.393,1.977,4.9995,4.91,4.37,0.789,0.1595
"308","33","Ax",4.918,4.929,4.999,4.724,4.69,4.474,2.244,1.708,4.964,4.707,3.952,0.966,-0.046
"309","33","Ax",4.747,4.894,4.651,4.435,4.431,4.169,2.059,1.629,4.7725,4.433,3.688,1.059,-0.0255
"310","33","Ax",4.603,4.492,4.529,4.364,4.257,4.097,1.806,1.553,4.5105,4.3105,3.359,1.244,0.0925
"311","33","Ex",4.935,4.713,4.747,4.536,4.562,4.34,2.271,1.689,4.73,4.549,3.96,0.975,0.205
"312","33","Ex",5.073,4.626,4.609,4.508,4.387,4.289,2.137,1.6,4.6175,4.4475,3.737,1.336,0.4555
"313","33","Ex",4.732,4.296,4.251,4.174,4.238,3.889,1.849,1.533,4.2735,4.206,3.382,1.35,0.4585
"314","33","Ex",3.467,3.701,3.549,3.446,3.259,3.182,1.344,1.244,3.625,3.3525,2.588,0.879,-0.158
"315","33","Ex",3.877,3.954,3.886,3.92,3.772,3.735,1.56,1.303,3.92,3.846,2.863,1.014,-0.043
"316","33","Ex",4.868,4.609,4.615,4.524,4.526,4.266,2.205,1.874,4.612,4.525,4.079,0.789,0.256
"317","33","Ex",5.156,4.92,4.968,4.823,4.764,4.597,2.442,1.693,4.944,4.7935,4.135,1.021,0.212
"318","33","Ex",5.127,4.805,4.711,4.613,4.682,4.409,2.372,1.881,4.758,4.6475,4.253,0.874,0.369
"319","33","Ex",4.67,4.366,4.37,4.276,4.31,4.063,2.203,1.549,4.368,4.293,3.752,0.918,0.302
"320","33","Ex",4.64,4.493,4.47,4.326,4.339,4.167,2.13,1.642,4.4815,4.3325,3.772,0.868,0.1585
"321","33","Ex",4.896,4.608,4.605,4.522,4.522,4.15,2.212,1.64,4.6065,4.522,3.852,1.044,0.2895
"322","33","Ex",4.89,4.76,4.713,4.661,4.689,4.391,2.396,1.479,4.7365,4.675,3.875,1.015,0.1535
"323","33","Ex",4.833,4.698,4.685,4.53,4.583,4.399,2.293,1.668,4.6915,4.5565,3.961,0.872,0.1415
"324","33","Ex",4.936,4.928,4.957,4.809,4.795,4.498,2.548,1.53,4.9425,4.802,4.078,0.858,-0.0065
"325","33","Ex",4.8,4.635,4.633,4.542,4.483,4.288,2.375,1.587,4.634,4.5125,3.962,0.838,0.166
"326","33","Ex",5.379,5.131,5.07,4.921,4.975,4.662,2.428,1.954,5.1005,4.948,4.382,0.997,0.2785
"327","33","Ex",4.953,4.534,4.451,4.326,4.351,4.024,2.117,1.588,4.4925,4.3385,3.705,1.248,0.4605
"328","33","Ex",4.452,4.33,4.342,4.301,4.228,3.935,1.991,1.727,4.336,4.2645,3.718,0.734,0.116
"329","34","Ax",5.704,5.567,5.572,5.369,5.465,5.273,2.673,1.959,5.5695,5.417,4.632,1.072,0.1345
"330","34","Ax",5.579,5.347,5.489,5.239,5.256,4.955,2.471,2.252,5.418,5.2475,4.723,0.856,0.161
"331","34","Ax",5.565,5.671,5.672,5.407,5.494,5.179,2.706,1.961,5.6715,5.4505,4.667,0.898,-0.1065
"332","34","Ax",5.21,5.258,5.215,5.111,5.064,4.807,2.488,2.04,5.2365,5.0875,4.528,0.682,-0.0265
"333","34","Ax",5.291,5.283,5.24,5.088,5.022,4.785,2.388,2.077,5.2615,5.055,4.465,0.826,0.0295
"334","34","Ax",5.605,5.393,5.421,5.258,5.235,4.989,2.426,2.103,5.407,5.2465,4.529,1.076,0.198
"335","34","Ax",5.301,5.084,4.953,4.833,4.782,4.628,2.261,2.075,5.0185,4.8075,4.336,0.965,0.2825
"336","34","Ax",5.635,5.488,5.63,5.434,5.444,5.162,2.594,2.041,5.559,5.439,4.635,1,0.076
"337","34","Ax",5.443,5.41,5.383,5.293,5.245,4.96,2.47,2.135,5.3965,5.269,4.605,0.838,0.0465
"338","34","Ax",5.626,5.468,5.554,5.363,5.349,5.141,2.43,2.111,5.511,5.356,4.541,1.085,0.115
"339","34","Ax",5.334,5.157,5.085,4.899,4.873,4.646,2.403,2.016,5.121,4.886,4.419,0.915,0.213
"340","34","Ax",5.554,5.379,5.416,5.245,5.184,4.875,2.367,2.288,5.3975,5.2145,4.655,0.899,0.1565
"341","34","Ax",5.433,5.139,5.1,4.958,5.01,4.731,2.368,2.178,5.1195,4.984,4.546,0.887,0.3135
"342","34","Ax",5.178,5.128,5.141,5.008,4.978,4.686,2.31,2.108,5.1345,4.993,4.418,0.76,0.0435
"343","34","Ax",5.588,5.55,5.506,5.367,5.319,5.162,2.432,2.052,5.528,5.343,4.484,1.104,0.06
"344","34","Ex",6.01,5.661,5.659,5.496,5.465,5.444,2.921,1.946,5.66,5.4805,4.867,1.143,0.35
"345","34","Ex",5.814,5.735,5.734,5.616,5.695,5.445,2.735,1.991,5.7345,5.6555,4.726,1.088,0.0795
"346","34","Ex",5.731,5.576,5.471,5.297,5.293,5.199,2.567,2.085,5.5235,5.295,4.652,1.079,0.2075
"347","34","Ex",5.739,5.569,5.607,5.412,5.448,5.25,2.558,2.135,5.588,5.43,4.693,1.046,0.151
"348","34","Ex",5.519,5.479,5.51,5.315,5.317,5.247,2.445,2.093,5.4945,5.316,4.538,0.981,0.0245
"349","34","Ex",5.571,5.436,5.434,5.247,5.312,5.159,2.465,1.973,5.435,5.2795,4.438,1.133,0.136
"350","34","Ex",5.692,5.507,5.582,5.379,5.39,5.24,2.493,2.203,5.5445,5.3845,4.696,0.996,0.1475
"351","34","Ex",5.625,5.434,5.48,5.342,5.344,5.151,2.409,2.019,5.457,5.343,4.428,1.197,0.168
"352","34","Ex",4.91,4.827,4.837,4.669,4.696,4.629,2.091,1.74,4.832,4.6825,3.831,1.079,0.078
"353","34","Ex",5.564,5.479,5.404,5.286,5.318,5.246,2.412,2.13,5.4415,5.302,4.542,1.022,0.1225
"354","34","Ex",5.382,5.327,5.299,5.164,5.169,5.068,2.272,2.151,5.313,5.1665,4.423,0.959,0.069
"355","34","Ex",5.197,5.094,5.136,4.909,5.06,4.893,2.198,2.107,5.115,4.9845,4.305,0.892,0.082
"356","34","Ex",5.339,5.177,5.165,5.064,5.061,4.973,2.194,2.195,5.171,5.0625,4.389,0.95,0.168
"357","34","Ex",5.431,5.318,5.317,5.258,5.214,5.105,2.354,2.224,5.3175,5.236,4.578,0.853,0.1135
"358","34","Ex",5.695,5.423,5.468,5.278,5.23,5.203,2.533,2.041,5.4455,5.254,4.574,1.121,0.2495
"359","34","Ex",5.513,5.493,5.425,5.352,5.371,5.167,2.263,2.46,5.459,5.3615,4.723,0.79,0.054
"360","35","Ax",4.944,4.762,4.532,4.743,4.813,4.715,2.166,1.626,4.647,4.778,3.792,1.152,0.297
"361","35","Ax",4.94,4.716,4.707,4.666,4.636,4.406,2.335,1.497,4.7115,4.651,3.832,1.108,0.2285
"362","35","Ax",4.969,4.838,4.77,4.672,4.636,4.306,2.19,1.794,4.804,4.654,3.984,0.985,0.165
"363","35","Ax",4.562,4.608,4.639,4.579,4.577,4.336,2.029,1.815,4.6235,4.578,3.844,0.718,-0.0615
"364","35","Ax",4.931,5.05,5.026,4.804,4.871,4.626,2.354,1.848,5.038,4.8375,4.202,0.729,-0.107
"365","35","Ax",4.711,4.608,4.588,4.501,4.44,4.209,2.227,1.771,4.598,4.4705,3.998,0.713,0.113
"366","35","Ax",4.89,4.609,4.559,4.537,4.468,4.252,2.288,1.678,4.584,4.5025,3.966,0.924,0.306
"367","35","Ax",4.936,4.743,4.676,4.672,4.604,4.4,2.201,1.674,4.7095,4.638,3.875,1.061,0.2265
"368","35","Ax",4.954,4.604,4.737,4.514,4.488,4.422,2.158,1.748,4.6705,4.501,3.906,1.048,0.2835
"369","35","Ax",4.873,4.753,4.745,4.552,4.608,4.305,2.146,1.796,4.749,4.58,3.942,0.931,0.124
"370","35","Ax",4.816,4.783,4.767,4.679,4.543,4.369,2.224,1.992,4.775,4.611,4.216,0.6,0.041
"371","35","Ax",4.652,4.6,4.547,4.479,4.547,4.207,2.207,1.801,4.5735,4.513,4.008,0.644,0.0785
"372","35","Ax",4.706,4.602,4.688,4.482,4.52,4.156,2.161,1.803,4.645,4.501,3.964,0.742,0.061
"373","35","Ax",4.503,4.277,4.336,4.223,4.232,3.949,1.898,1.711,4.3065,4.2275,3.609,0.894,0.1965
"374","35","Ax",4.532,4.379,4.344,4.356,4.242,3.99,2.13,1.536,4.3615,4.299,3.666,0.866,0.1705
"375","35","Ax",4.858,4.72,4.692,4.594,4.572,4.276,2.167,1.672,4.706,4.583,3.839,1.019,0.152
"376","35","Ex",5.379,5.395,5.317,5.165,5.225,5.063,2.38,2.465,5.356,5.195,4.845,0.534,0.023
"377","35","Ex",5.243,5.151,5.149,4.966,5.065,4.926,2.193,2.207,5.15,5.0155,4.4,0.843,0.093
"378","35","Ex",5.46,5.456,5.407,5.302,5.322,5.27,2.388,2.279,5.4315,5.312,4.667,0.793,0.0285
"379","35","Ex",5.161,5.271,5.32,5.062,5.109,5.043,2.323,2.134,5.2955,5.0855,4.457,0.704,-0.1345
"380","35","Ex",5.474,5.443,5.436,5.324,5.298,5.176,2.406,2.176,5.4395,5.311,4.582,0.892,0.0345
"381","35","Ex",5.602,5.545,5.575,5.374,5.406,5.264,2.385,2.227,5.56,5.39,4.612,0.99,0.042
"382","35","Ex",5.587,5.63,5.639,5.507,5.464,5.354,2.335,2.255,5.6345,5.4855,4.59,0.997,-0.0475
"383","35","Ex",5.214,5.227,5.234,5.056,5.068,5.021,2.228,2.041,5.2305,5.062,4.269,0.945,-0.0165
"384","35","Ex",5.029,5.232,5.158,4.976,4.948,4.895,2.237,1.941,5.195,4.962,4.178,0.851,-0.166
"385","35","Ex",5.339,5.381,5.438,5.254,5.203,4.946,2.43,1.827,5.4095,5.2285,4.257,1.082,-0.0705
"386","35","Ex",5.046,5.109,5.086,4.963,4.898,4.769,2.071,2.132,5.0975,4.9305,4.203,0.843,-0.0515
"387","35","Ex",5.277,5.414,5.505,5.232,5.29,5.147,2.415,2.006,5.4595,5.261,4.421,0.856,-0.1825
"388","35","Ex",5.232,5.423,5.416,5.252,5.106,4.985,2.186,2.233,5.4195,5.179,4.419,0.813,-0.1875
"389","35","Ex",5.166,5.16,5.103,5.021,4.99,4.859,2.426,1.8,5.1315,5.0055,4.226,0.94,0.0345
"390","35","Ex",5.282,5.227,5.307,5.186,5.145,4.979,2.346,1.984,5.267,5.1655,4.33,0.952,0.015
"391","35","Ex",5.446,5.313,5.383,5.201,5.194,4.975,2.449,2.064,5.348,5.1975,4.513,0.933,0.098
"392","35","Ex",5.213,5.282,5.174,4.971,4.96,4.853,2.449,2.016,5.228,4.9655,4.465,0.748,-0.015
"393","35","Ex",5.139,5.27,5.164,5.059,5.085,4.902,2.223,2.031,5.217,5.072,4.254,0.885,-0.078
"394","35","Ex",5.131,5.278,5.296,5.147,5.131,4.927,2.289,2.001,5.287,5.139,4.29,0.841,-0.156
"395","36","Ax",5.106,4.846,4.799,4.704,4.703,4.575,2.173,1.859,4.8225,4.7035,4.032,1.074,0.2835
"396","36","Ax",5.548,5.092,5.06,4.91,4.883,4.75,2.306,2.055,5.076,4.8965,4.361,1.187,0.472
"397","36","Ax",4.862,4.517,4.497,4.451,4.416,4.17,2.041,1.786,4.507,4.4335,3.827,1.035,0.355
"398","36","Ax",4.447,4.423,4.432,4.302,4.293,4.074,1.945,1.717,4.4275,4.2975,3.662,0.785,0.0195
"399","36","Ax",4.916,4.599,4.586,4.508,4.45,4.244,2.047,1.815,4.5925,4.479,3.862,1.054,0.3235
"400","36","Ax",5.132,4.826,4.898,4.746,4.711,4.554,2.211,1.77,4.862,4.7285,3.981,1.151,0.27
"401","36","Ax",5.202,5.011,4.975,4.921,4.789,4.556,2.23,1.918,4.993,4.855,4.148,1.054,0.209
"402","36","Ax",5.439,5.179,5.239,5.061,5.02,4.853,2.382,1.86,5.209,5.0405,4.242,1.197,0.23
"403","36","Ax",5.453,4.977,4.997,4.852,4.864,4.635,2.34,1.803,4.987,4.858,4.143,1.31,0.466
"404","36","Ax",5.28,5.092,5.104,4.937,4.952,4.904,2.406,1.861,5.098,4.9445,4.267,1.013,0.182
"405","36","Ax",5.233,4.851,4.893,4.807,4.783,4.582,2.443,1.646,4.872,4.795,4.089,1.144,0.361
"406","36","Ax",5.107,4.927,4.882,4.75,4.778,4.507,2.27,1.962,4.9045,4.764,4.232,0.875,0.2025
"407","36","Ax",5.031,4.863,4.817,4.715,4.734,4.484,2.359,1.798,4.84,4.7245,4.157,0.874,0.191
"408","36","Ax",5.25,4.727,4.782,4.682,4.738,4.29,2.217,1.715,4.7545,4.71,3.932,1.318,0.4955
"409","36","Ax",5.194,4.714,4.693,4.554,4.539,4.405,2.235,1.765,4.7035,4.5465,4,1.194,0.4905
"410","36","Ax",4.864,4.672,4.589,4.543,4.553,4.333,2.116,1.59,4.6305,4.548,3.706,1.158,0.2335
"411","36","Ex",5.451,5.31,5.33,5.22,5.186,5.067,2.221,2.149,5.32,5.203,4.37,1.081,0.131
"412","36","Ex",5.36,5.369,5.302,5.206,5.159,5.07,2.429,2.139,5.3355,5.1825,4.568,0.792,0.0245
"413","36","Ex",5.39,5.394,5.397,5.19,5.175,5.076,2.468,2.117,5.3955,5.1825,4.585,0.805,-0.0055
"414","36","Ex",5.503,5.388,5.472,5.233,5.24,5.15,2.382,2.079,5.43,5.2365,4.461,1.042,0.073
"415","36","Ex",5.413,5.363,5.353,5.269,5.231,5.106,2.35,2.283,5.358,5.25,4.633,0.78,0.055
"416","36","Ex",5.512,5.499,5.489,5.274,5.284,5.228,2.352,2.215,5.494,5.279,4.567,0.945,0.018
"417","36","Ex",5.716,5.582,5.614,5.432,5.427,5.306,2.464,2.113,5.598,5.4295,4.577,1.139,0.118
"418","36","Ex",5.816,5.881,5.821,5.697,5.654,5.602,2.508,2.192,5.851,5.6755,4.7,1.116,-0.035
"419","36","Ex",5.479,5.459,5.468,5.343,5.247,5.225,2.412,1.964,5.4635,5.295,4.376,1.103,0.0155
"420","36","Ex",5.301,5.191,5.23,5.069,5.048,4.955,2.264,1.959,5.2105,5.0585,4.223,1.078,0.0905
"421","36","Ex",5.635,5.595,5.534,5.34,5.277,5.208,2.66,1.903,5.5645,5.3085,4.563,1.072,0.0705
"422","36","Ex",5.428,5.239,5.375,5.199,5.336,5.219,2.416,1.99,5.307,5.2675,4.406,1.022,0.121
"423","36","Ex",5.484,4.962,4.962,4.918,4.859,4.665,2.512,1.681,4.962,4.8885,4.193,1.291,0.522
"424","36","Ex",5.659,5.502,5.549,5.421,5.427,5.246,2.536,1.898,5.5255,5.424,4.434,1.225,0.1335
"425","36","Ex",5.392,5.172,5.158,5.09,5.04,4.899,2.212,2.073,5.165,5.065,4.285,1.107,0.227
"426","36","Ex",5.418,5.326,5.409,5.187,5.21,5.087,2.468,1.934,5.3675,5.1985,4.402,1.016,0.0505
"427","36","Ex",5.302,5.156,5.118,5.032,5.014,4.722,2.353,1.765,5.137,5.023,4.118,1.184,0.165
"428","36","Ex",5.315,5.105,5.054,4.972,4.939,4.817,2.283,1.968,5.0795,4.9555,4.251,1.064,0.2355
"429","37","Ax",4.641,4.45,4.496,4.403,4.452,4.208,2.157,1.655,4.473,4.4275,3.812,0.829,0.168
"430","37","Ax",4.74,4.54,4.476,4.437,4.484,4.186,2.139,1.763,4.508,4.4605,3.902,0.838,0.232
"431","37","Ax",4.83,4.795,4.79,4.713,4.665,4.447,2.383,1.888,4.7925,4.689,4.271,0.559,0.0375
"432","37","Ax",4.854,4.673,4.706,4.62,4.582,4.313,2.234,1.685,4.6895,4.601,3.919,0.935,0.1645
"433","37","Ax",4.835,4.527,4.569,4.582,4.473,4.216,2.113,1.913,4.548,4.5275,4.026,0.809,0.287
"434","37","Ax",4.842,4.712,4.701,4.608,4.595,4.277,2.149,1.972,4.7065,4.6015,4.121,0.721,0.1355
"435","37","Ax",4.788,4.752,4.602,4.567,4.708,4.394,2.193,1.889,4.677,4.6375,4.082,0.706,0.111
"436","37","Ax",4.767,4.438,4.494,4.384,4.395,4.078,2.086,1.685,4.466,4.3895,3.771,0.996,0.301
"437","37","Ax",4.706,4.569,4.65,4.536,4.422,4.128,2.006,1.837,4.6095,4.479,3.843,0.863,0.0965
"438","37","Ax",4.82,4.709,4.75,4.63,4.582,4.333,2.182,1.95,4.7295,4.606,4.132,0.688,0.0905
"439","37","Ax",4.925,4.543,4.46,4.412,4.419,4.185,2.199,1.998,4.5015,4.4155,4.197,0.728,0.4235
"440","37","Ax",4.713,4.403,4.458,4.596,4.364,4.143,2.052,1.812,4.4305,4.48,3.864,0.849,0.2825
"441","37","Ax",5.158,4.656,4.62,4.337,4.556,4.589,2.15,1.884,4.638,4.4465,4.034,1.124,0.52
"442","37","Ax",4.833,4.481,4.502,4.387,4.491,4.12,2.121,1.703,4.4915,4.439,3.824,1.009,0.3415
"443","37","Ax",4.772,4.367,4.312,4.255,4.244,4.006,1.975,1.794,4.3395,4.2495,3.769,1.003,0.4325
"444","37","Ax",4.977,4.651,4.603,4.486,4.486,4.174,2.163,1.714,4.627,4.486,3.877,1.1,0.35
"445","37","Ax",4.769,4.392,4.411,4.365,4.308,4.142,2.081,1.63,4.4015,4.3365,3.711,1.058,0.3675
"446","37","Ax",5.008,4.516,4.669,4.556,4.409,4.314,2.053,1.796,4.5925,4.4825,3.849,1.159,0.4155
"447","37","Ax",4.603,4.544,4.522,4.349,4.394,4.193,2.14,1.711,4.533,4.3715,3.851,0.752,0.07
"448","37","Ax",4.814,4.802,4.802,4.682,4.721,4.543,2.352,1.689,4.802,4.7015,4.041,0.773,0.012
"449","37","Ax",4.629,4.432,4.399,4.343,4.333,4.087,2.061,1.661,4.4155,4.338,3.722,0.907,0.2135
"450","37","Ax",4.777,4.547,4.567,4.504,4.506,4.189,2.098,1.662,4.557,4.505,3.76,1.017,0.22
"451","37","Ax",4.591,4.528,4.485,4.389,4.472,4.192,1.981,1.85,4.5065,4.4305,3.831,0.76,0.0845
"452","37","Ex",4.929,4.728,4.737,4.642,4.591,4.383,2.358,1.873,4.7325,4.6165,4.231,0.698,0.1965
"453","37","Ex",5.017,4.871,4.846,4.782,4.702,4.512,2.363,1.977,4.8585,4.742,4.34,0.677,0.1585
"454","37","Ex",4.96,4.829,4.78,4.748,4.747,4.46,2.373,1.98,4.8045,4.7475,4.353,0.607,0.1555
"455","37","Ex",4.785,4.808,4.755,4.63,4.695,4.638,2.207,1.719,4.7815,4.6625,3.926,0.859,0.0035
"456","37","Ex",4.801,4.699,4.748,4.711,4.585,4.345,2.313,1.83,4.7235,4.648,4.143,0.658,0.0775
"457","37","Ex",4.962,4.887,4.943,4.825,4.831,4.474,2.298,1.779,4.915,4.828,4.077,0.885,0.047
"458","37","Ex",4.485,4.603,4.561,4.524,4.423,4.229,2.187,1.649,4.582,4.4735,3.836,0.649,-0.097
"459","37","Ex",4.312,4.602,4.611,4.486,4.522,4.345,2.149,1.662,4.6065,4.504,3.811,0.501,-0.2945
"460","37","Ex",4.764,4.723,4.673,4.561,4.618,4.301,2.316,1.694,4.698,4.5895,4.01,0.754,0.066
"461","37","Ex",5.061,4.766,4.733,4.614,4.621,4.392,2.201,2.026,4.7495,4.6175,4.227,0.834,0.3115
"462","37","Ex",4.425,4.372,4.402,4.248,4.154,4.108,1.869,1.756,4.387,4.201,3.625,0.8,0.038
"463","37","Ex",4.855,4.542,4.525,4.31,4.323,4.005,2.179,1.607,4.5335,4.3165,3.786,1.069,0.3215
"464","37","Ex",4.821,4.659,4.565,4.48,4.467,4.341,2.181,1.624,4.612,4.4735,3.805,1.016,0.209
"465","37","Ex",4.972,5.016,4.952,4.728,4.756,4.554,2.321,1.811,4.984,4.742,4.132,0.84,-0.012
"466","37","Ex",4.911,4.695,4.787,4.694,4.645,4.403,2.349,1.686,4.741,4.6695,4.035,0.876,0.17
"467","37","Ex",5.014,4.807,4.941,4.706,4.62,4.373,2.335,1.722,4.874,4.663,4.057,0.957,0.14
"468","37","Ex",4.927,4.61,4.594,4.487,4.47,4.161,2.068,1.674,4.602,4.4785,3.742,1.185,0.325
"469","37","Ex",5.117,4.77,4.8,4.606,4.609,4.243,2.162,1.621,4.785,4.6075,3.783,1.334,0.332
"470","38","Ax",5.276,4.925,4.943,4.914,4.859,4.632,2.424,2.073,4.934,4.8865,4.497,0.779,0.342
"471","38","Ax",5.065,4.88,4.937,4.782,4.79,4.578,2.429,1.868,4.9085,4.786,4.297,0.768,0.1565
"472","38","Ax",5.185,5.04,4.978,4.935,4.909,4.668,2.428,1.815,5.009,4.922,4.243,0.942,0.176
"473","38","Ax",5.061,4.902,4.863,4.82,4.803,4.495,2.386,1.824,4.8825,4.8115,4.21,0.851,0.1785
"474","38","Ax",5.148,4.968,4.985,4.898,4.788,4.55,2.392,1.736,4.9765,4.843,4.128,1.02,0.1715
"475","38","Ax",5.1,4.912,4.915,4.826,4.76,4.529,2.26,1.894,4.9135,4.793,4.154,0.946,0.1865
"476","38","Ax",5.27,5.158,5.148,5.072,5.053,4.841,2.503,1.746,5.153,5.0625,4.249,1.021,0.117
"477","38","Ax",5.098,5.073,5.058,4.969,4.947,4.7,2.417,1.868,5.0655,4.958,4.285,0.813,0.0325
"478","38","Ax",5.058,4.929,4.948,4.797,4.875,4.583,2.41,1.876,4.9385,4.836,4.286,0.772,0.1195
"479","38","Ax",5.096,5.006,5.017,4.864,4.855,4.628,2.33,2.072,5.0115,4.8595,4.402,0.694,0.0845
"480","38","Ax",4.957,4.66,4.769,4.695,4.56,4.366,2.167,1.794,4.7145,4.6275,3.961,0.996,0.2425
"481","38","Ax",4.999,4.697,4.84,4.724,4.607,4.425,2.223,1.698,4.7685,4.6655,3.921,1.078,0.2305
"482","38","Ax",4.869,4.76,4.797,4.642,4.565,4.361,2.287,1.682,4.7785,4.6035,3.969,0.9,0.0905
"483","38","Ax",4.675,4.718,4.755,4.55,4.505,4.254,2.169,1.794,4.7365,4.5275,3.963,0.712,-0.0615
"484","38","Ax",4.843,4.633,4.644,4.58,4.563,4.295,2.212,1.71,4.6385,4.5715,3.922,0.921,0.2045
"485","38","Ax",4.572,4.562,4.585,4.506,4.434,4.264,2.092,1.816,4.5735,4.47,3.908,0.664,-0.0015
"486","38","Ax",4.765,4.613,4.69,4.501,4.536,4.233,2.152,1.721,4.6515,4.5185,3.873,0.892,0.1135
"487","38","Ax",4.746,4.7,4.657,4.587,4.556,4.328,2.145,1.713,4.6785,4.5715,3.858,0.888,0.0675
"488","38","Ex",4.978,4.57,4.644,4.567,4.501,4.385,2.173,1.874,4.607,4.534,4.047,0.931,0.371
"489","38","Ex",4.721,4.562,4.558,4.457,4.45,4.304,2.123,1.731,4.56,4.4535,3.854,0.867,0.161
"490","38","Ex",4.94,4.899,4.842,4.779,4.784,4.708,2.234,1.885,4.8705,4.7815,4.119,0.821,0.0695
"491","38","Ex",4.867,4.738,4.618,4.513,4.511,4.344,2.075,1.671,4.678,4.512,3.746,1.121,0.189
"492","38","Ex",4.995,4.279,4.307,4.204,4.233,3.916,1.689,1.621,4.293,4.2185,3.31,1.685,0.702
"493","38","Ex",4.601,4.171,4.248,4.16,4.009,3.799,1.707,1.633,4.2095,4.0845,3.34,1.261,0.3915
"494","38","Ex",4.533,4.438,4.53,4.363,4.413,4.247,2.04,1.742,4.484,4.388,3.782,0.751,0.049
"495","38","Ex",4.59,4.541,4.527,4.399,4.439,4.217,1.902,1.773,4.534,4.419,3.675,0.915,0.056
"496","38","Ex",4.943,4.708,4.746,4.587,4.576,4.303,2.014,1.844,4.727,4.5815,3.858,1.085,0.216
"497","38","Ex",4.79,4.665,4.68,4.498,4.517,4.369,1.879,1.882,4.6725,4.5075,3.761,1.029,0.1175
"498","38","Ex",4.818,4.592,4.634,4.5,4.5,4.31,2.003,1.674,4.613,4.5,3.677,1.141,0.205
"499","38","Ex",4.848,4.846,4.825,4.629,4.609,4.472,2.132,1.726,4.8355,4.619,3.858,0.99,0.0125
"500","38","Ex",5.07,4.759,4.771,4.766,4.739,4.506,2.237,2.022,4.765,4.7525,4.259,0.811,0.305
"501","38","Ex",4.776,4.553,4.491,4.44,4.487,4.353,1.979,1.808,4.522,4.4635,3.787,0.989,0.254
"502","38","Ex",4.537,4.567,4.406,4.491,4.469,4.396,1.895,1.867,4.4865,4.48,3.762,0.775,0.0505
"503","38","Ex",4.578,4.529,4.502,4.405,4.36,4.217,2.084,1.721,4.5155,4.3825,3.805,0.773,0.0625
"504","38","Ex",4.716,4.526,4.55,4.413,4.388,4.25,2.006,1.77,4.538,4.4005,3.776,0.94,0.178
"505","38","Ex",4.824,4.62,4.641,4.529,4.458,4.256,2.047,1.78,4.6305,4.4935,3.827,0.997,0.1935
"506","39","Ax",5.582,5.411,5.379,5.238,5.175,5.079,2.551,2.089,5.395,5.2065,4.64,0.942,0.187
"507","39","Ax",5.635,5.615,5.49,5.427,5.415,5.145,2.612,2.131,5.5525,5.421,4.743,0.892,0.0825
"508","39","Ax",5.763,5.512,5.528,5.403,5.422,5.145,2.714,2.008,5.52,5.4125,4.722,1.041,0.243
"509","39","Ax",5.514,5.493,5.372,5.252,5.302,5.014,2.662,2.014,5.4325,5.277,4.676,0.838,0.0815
"510","39","Ax",5.44,5.289,5.358,5.243,5.207,4.952,2.535,2.027,5.3235,5.225,4.562,0.878,0.1165
"511","39","Ax",5.445,5.315,5.312,5.233,5.133,4.918,2.476,2.234,5.3135,5.183,4.71,0.735,0.1315
"512","39","Ax",5.237,5.304,5.193,5.125,5.086,4.819,2.387,2.208,5.2485,5.1055,4.595,0.642,-0.0115
"513","39","Ax",5.843,5.656,5.673,5.506,5.514,5.223,2.689,2.189,5.6645,5.51,4.878,0.965,0.1785
"514","39","Ax",5.547,5.177,5.203,5.015,4.961,4.695,2.346,2.02,5.19,4.988,4.366,1.181,0.357
"515","39","Ax",5.17,4.899,4.959,4.752,4.741,4.588,2.11,2.021,4.929,4.7465,4.131,1.039,0.241
"516","39","Ax",5.15,5.105,5.102,4.875,4.906,4.731,2.325,1.83,5.1035,4.8905,4.155,0.995,0.0465
"517","39","Ax",5.08,4.992,4.985,4.847,4.76,4.527,2.307,1.938,4.9885,4.8035,4.245,0.835,0.0915
"518","39","Ax",5.233,5.131,5.12,4.989,5.008,4.712,2.374,2.098,5.1255,4.9985,4.472,0.761,0.1075
"519","39","Ax",5.455,5.23,5.197,5.102,5.079,4.802,2.366,2.28,5.2135,5.0905,4.646,0.809,0.2415
"520","39","Ax",5.438,5.326,5.327,5.12,5.141,4.865,2.51,2.265,5.3265,5.1305,4.775,0.663,0.1115
"521","39","Ax",5.476,5.445,5.433,5.271,5.281,5.12,2.609,1.945,5.439,5.276,4.554,0.922,0.037
"522","39","Ax",5.245,5.219,5.169,4.986,4.904,4.777,2.212,1.787,5.194,4.945,3.999,1.246,0.051
"523","39","Ax",5.545,5.585,5.623,5.388,5.342,5.069,2.483,2.029,5.604,5.365,4.512,1.033,-0.059
"524","39","Ex",5.468,5.515,5.487,5.353,5.387,5.309,2.591,1.734,5.501,5.37,4.325,1.143,-0.033
"525","39","Ex",5.436,5.35,5.347,5.178,5.151,5.067,2.396,2.309,5.3485,5.1645,4.705,0.731,0.0875
"526","39","Ex",5.66,5.519,5.524,5.378,5.378,5.25,2.586,1.895,5.5215,5.378,4.481,1.179,0.1385
"527","39","Ex",5.491,5.436,5.372,5.24,5.184,5.112,2.43,1.968,5.404,5.212,4.398,1.093,0.087
"528","39","Ex",5.317,5.269,5.279,5.174,5.155,5.077,2.4,1.989,5.274,5.1645,4.389,0.928,0.043
"529","39","Ex",5.591,5.512,5.422,5.293,5.308,5.174,2.51,1.906,5.467,5.3005,4.416,1.175,0.124
"530","39","Ex",5.645,5.514,5.498,5.279,5.296,5.214,2.378,2.253,5.506,5.2875,4.631,1.014,0.139
"531","39","Ex",5.825,5.679,5.735,5.547,5.539,5.457,2.51,2.134,5.707,5.543,4.644,1.181,0.118
"532","39","Ex",5.67,5.454,5.601,5.424,5.35,5.22,2.463,2.016,5.5275,5.387,4.479,1.191,0.1425
"533","39","Ex",5.743,5.571,5.58,5.482,5.484,5.283,2.565,2.15,5.5755,5.483,4.715,1.028,0.1675
"534","39","Ex",5.693,5.657,5.547,5.46,5.501,5.415,2.543,2.137,5.602,5.4805,4.68,1.013,0.091
"535","39","Ex",5.586,5.579,5.641,5.381,5.43,5.342,2.33,2.239,5.61,5.4055,4.569,1.017,-0.024
"536","39","Ex",5.57,5.514,5.572,5.384,5.404,5.287,2.491,1.952,5.543,5.394,4.443,1.127,0.027
"537","39","Ex",5.486,5.348,5.354,5.154,5.223,5.109,2.433,2.142,5.351,5.1885,4.575,0.911,0.135
"538","39","Ex",5.398,5.344,5.369,5.197,5.185,5.041,2.423,2.012,5.3565,5.191,4.435,0.963,0.0415
"539","39","Ex",5.199,5.187,5.174,5.079,5.031,5.044,2.184,2.172,5.1805,5.055,4.356,0.843,0.0185
"540","39","Ex",5.207,5.294,5.204,5.097,5.078,5.03,2.314,1.924,5.249,5.0875,4.238,0.969,-0.042
"541","39","Ex",5.132,5.083,5.091,4.949,4.968,4.759,2.141,1.959,5.087,4.9585,4.1,1.032,0.045
"542","40","Ax",5.364,5.259,5.213,5.191,5.118,5.031,2.137,2.351,5.236,5.1545,4.488,0.876,0.128
"543","40","Ax",5.288,5.127,5.136,5.001,4.905,4.798,1.996,2.283,5.1315,4.953,4.279,1.009,0.1565
"544","40","Ax",5.211,5.211,5.26,4.978,4.987,4.932,2.031,2.403,5.2355,4.9825,4.434,0.777,-0.0245
"545","40","Ax",5.246,5.303,5.459,5.198,5.198,5.032,2.251,2.179,5.381,5.198,4.43,0.816,-0.135
"546","40","Ax",5.226,5.443,5.436,5.024,5.153,5.204,2.319,1.928,5.4395,5.0885,4.247,0.979,-0.2135
"547","40","Ax",5.271,5.282,5.317,5.214,5.186,5.108,2.211,2.359,5.2995,5.2,4.57,0.701,-0.0285
"548","40","Ax",5.147,4.883,4.824,4.772,4.815,4.672,2.224,1.909,4.8535,4.7935,4.133,1.014,0.2935
"549","40","Ax",5.164,4.856,4.765,4.687,4.687,4.479,2.171,1.911,4.8105,4.687,4.082,1.082,0.3535
"550","40","Ax",4.972,4.832,4.697,4.709,4.682,4.438,2.014,2.209,4.7645,4.6955,4.223,0.749,0.2075
"551","40","Ax",5.014,4.941,4.945,4.841,4.789,4.561,2.107,2.022,4.943,4.815,4.129,0.885,0.071
"552","40","Ax",5.047,4.94,4.956,4.865,4.796,4.56,2.097,2.227,4.948,4.8305,4.324,0.723,0.099
"553","40","Ax",5.375,5.314,5.288,5.213,5.164,5.041,2.167,2.187,5.301,5.1885,4.354,1.021,0.074
"554","40","Ax",5.179,5.032,5.003,4.887,4.823,4.656,1.981,1.953,5.0175,4.855,3.934,1.245,0.1615
"555","40","Ax",5.194,5.211,5.404,5.074,4.981,4.969,1.954,2.014,5.3075,5.0275,3.968,1.226,-0.1135
"556","40","Ax",5.278,4.945,4.776,4.679,4.632,4.475,2.277,2.049,4.8605,4.6555,4.326,0.952,0.4175
"557","40","Ax",5.317,4.953,4.946,4.769,4.817,4.594,2.184,1.922,4.9495,4.793,4.106,1.211,0.3675
"558","40","Ax",4.739,4.463,4.629,4.634,4.495,4.478,1.918,2.045,4.546,4.5645,3.963,0.776,0.193
"559","40","Ax",5.194,5.06,4.967,4.849,4.863,4.719,2.133,2.143,5.0135,4.856,4.276,0.918,0.1805
"560","40","Ax",5.071,4.939,4.916,4.763,4.752,4.636,2.123,1.913,4.9275,4.7575,4.036,1.035,0.1435
"561","40","Ax",4.866,4.835,4.93,4.767,4.683,4.379,1.99,2.013,4.8825,4.725,4.003,0.863,-0.0165
"562","40","Ex",5.23,5.305,5.343,5.093,5.097,5.055,2.184,2.104,5.324,5.095,4.288,0.942,-0.094
"563","40","Ex",5.342,5.306,5.261,5.113,5.106,4.934,2.295,1.966,5.2835,5.1095,4.261,1.081,0.0585
"564","40","Ex",5.245,5.277,5.253,5.139,5.149,4.968,2.333,2.091,5.265,5.144,4.424,0.821,-0.02
"565","40","Ex",5.389,5.462,5.492,5.213,5.242,5.079,2.34,2.137,5.477,5.2275,4.477,0.912,-0.088
"566","40","Ex",5.269,5.298,5.402,5.204,5.149,5.024,2.378,1.95,5.35,5.1765,4.328,0.941,-0.081
"567","40","Ex",5.102,5.29,5.281,5.097,5.099,4.977,2.401,2.053,5.2855,5.098,4.454,0.648,-0.1835
"568","40","Ex",5.49,5.324,5.36,5.226,5.179,5.046,2.476,2.14,5.342,5.2025,4.616,0.874,0.148
"569","40","Ex",5.469,5.378,5.319,5.2,5.225,5.07,2.46,2.109,5.3485,5.2125,4.569,0.9,0.1205
"570","40","Ex",5.514,5.386,5.317,5.195,5.234,5.106,2.364,2.151,5.3515,5.2145,4.515,0.999,0.1625
"571","40","Ex",5.337,5.332,5.325,5.197,5.196,5.086,2.407,1.944,5.3285,5.1965,4.351,0.986,0.0085
"572","40","Ex",5.241,5.105,5.037,4.897,4.917,4.72,2.177,1.94,5.071,4.907,4.117,1.124,0.17
"573","40","Ex",5.216,5.294,5.328,5.13,5.042,5.023,2.309,2.211,5.311,5.086,4.52,0.696,-0.095
"574","40","Ex",5.591,5.524,5.485,5.378,5.329,5.192,2.28,2.326,5.5045,5.3535,4.606,0.985,0.0865
"575","40","Ex",5.778,5.546,5.549,5.445,5.414,5.279,2.559,2.119,5.5475,5.4295,4.678,1.1,0.2305
"576","40","Ex",5.239,5.231,5.282,5.043,5.02,5.015,2.373,2.057,5.2565,5.0315,4.43,0.809,-0.0175
"577","40","Ex",5.445,5.303,5.433,5.186,5.21,5.096,2.275,2.193,5.368,5.198,4.468,0.977,0.077
"578","40","Ex",5.424,5.53,5.52,5.309,5.321,5.115,2.517,2.042,5.525,5.315,4.559,0.865,-0.101
"579","40","Ex",5.454,5.298,5.304,5.141,5.129,5.063,2.364,1.887,5.301,5.135,4.251,1.203,0.153
"580","41","Ax",4.996,4.501,4.59,4.434,4.401,4.233,1.936,1.746,4.5455,4.4175,3.682,1.314,0.4505
"581","41","Ax",5.125,4.675,4.618,4.514,4.533,4.319,2.06,1.745,4.6465,4.5235,3.805,1.32,0.4785
"582","41","Ax",4.594,4.335,4.289,4.201,4.18,4.064,1.886,1.62,4.312,4.1905,3.506,1.088,0.282
"583","41","Ax",5.122,4.803,4.791,4.667,4.662,4.383,2.123,1.875,4.797,4.6645,3.998,1.124,0.325
"584","41","Ax",5.099,4.577,4.594,4.481,4.495,4.267,2.015,1.762,4.5855,4.488,3.777,1.322,0.5135
"585","41","Ax",4.895,4.534,4.43,4.376,4.29,4.114,1.934,1.877,4.482,4.333,3.811,1.084,0.413
"586","41","Ax",4.794,4.215,4.18,4.135,4.038,3.923,1.685,1.934,4.1975,4.0865,3.619,1.175,0.5965
"587","41","Ax",5.437,5.327,5.246,5.146,5.125,4.942,2.551,2.088,5.2865,5.1355,4.639,0.798,0.1505
"588","41","Ax",4.45,4.263,4.239,4.024,4.015,3.881,1.973,1.546,4.251,4.0195,3.519,0.931,0.199
"589","41","Ax",4.764,4.75,4.778,4.549,4.498,4.487,2.222,1.898,4.764,4.5235,4.12,0.644,-8.88e-16
"590","41","Ax",5.393,4.936,4.982,4.779,4.784,4.659,2.311,1.772,4.959,4.7815,4.083,1.31,0.434
"591","41","Ax",4.853,4.438,4.409,4.27,4.26,4.084,1.961,1.697,4.4235,4.265,3.658,1.195,0.4295
"592","41","Ax",5.185,4.688,4.747,4.633,4.553,4.349,2.201,1.577,4.7175,4.593,3.778,1.407,0.4675
"593","41","Ax",5.479,4.729,4.72,4.523,4.539,4.388,2.222,1.778,4.7245,4.531,4,1.479,0.7545
"594","41","Ax",5.058,4.645,4.694,4.478,4.533,4.233,2.124,1.79,4.6695,4.5055,3.914,1.144,0.3885
"595","41","Ax",4.351,4.008,4.019,3.889,3.855,3.666,1.763,1.595,4.0135,3.872,3.358,0.993,0.3375
"596","41","Ax",5.439,5.098,5.129,5.001,5.026,4.661,2.299,2.077,5.1135,5.0135,4.376,1.063,0.3255
"597","41","Ax",4.773,4.469,4.268,4.304,4.381,4.094,2.05,1.718,4.3685,4.3425,3.768,1.005,0.4045
"598","41","Ex",5.922,5.857,5.841,5.718,5.687,5.59,2.721,2.036,5.849,5.7025,4.757,1.165,0.073
"599","41","Ex",5.701,5.59,5.593,5.508,5.532,5.35,2.522,2.081,5.5915,5.52,4.603,1.098,0.1095
"600","41","Ex",5.777,5.443,5.462,5.369,5.287,5.143,2.546,1.988,5.4525,5.328,4.534,1.243,0.3245
"601","41","Ex",5.134,5.079,5.075,4.82,4.843,4.745,2.043,2.004,5.077,4.8315,4.047,1.087,0.057
"602","41","Ex",5.208,5.228,5.176,5.108,5.09,5.001,2.226,2.079,5.202,5.099,4.305,0.903,0.006
"603","41","Ex",4.976,4.884,4.903,4.683,4.694,4.737,2.017,1.871,4.8935,4.6885,3.888,1.088,0.0825
"604","41","Ex",5.348,5.226,5.232,5.176,5.081,4.981,2.419,1.909,5.229,5.1285,4.328,1.02,0.119
"605","41","Ex",5.57,5.549,5.459,5.391,5.428,5.244,2.567,1.886,5.504,5.4095,4.453,1.117,0.066
"606","41","Ex",5.515,5.447,5.524,5.266,5.291,5.194,2.558,1.819,5.4855,5.2785,4.377,1.138,0.0295
"607","41","Ex",5.487,5.298,5.207,5.077,5.078,4.996,2.311,1.978,5.2525,5.0775,4.289,1.198,0.2345
"608","41","Ex",5.216,5.418,5.375,5.267,5.269,5.163,2.535,1.988,5.3965,5.268,4.523,0.693,-0.1805
"609","41","Ex",5.538,5.438,5.443,5.317,5.351,5.179,2.42,2.15,5.4405,5.334,4.57,0.968,0.0975
"610","41","Ex",5.655,5.506,5.507,5.417,5.368,5.246,2.479,2.252,5.5065,5.3925,4.731,0.924,0.1485
"611","41","Ex",5.454,5.482,5.498,5.286,5.279,5.086,2.467,1.896,5.49,5.2825,4.363,1.091,-0.036
"612","41","Ex",5.62,5.645,5.613,5.49,5.42,5.214,2.531,2.18,5.629,5.455,4.711,0.909,-0.009
"613","41","Ex",5.489,5.427,5.393,5.32,5.303,5.283,2.379,2.038,5.41,5.3115,4.417,1.072,0.079
